{"cameraMode":{"drawMode":0,"name":"Shaded","section":"Shading Mode"},"sceneLighting":true,"audioPlay":false,"sceneViewState":{"m_AlwaysRefresh":false,"showFog":true,"showSkybox":true,"showFlares":true,"showImageEffects":true,"showParticleSystems":true,"showVisualEffectGraphs":true,"m_FxEnabled":true},"in2DMode":false,"pivot":{"x":-0.491489440202713,"y":-0.16259858012199403,"z":2.797520160675049},"rotation":{"x":-0.027258142828941346,"y":0.059041038155555728,"z":-0.0016437160084024072,"w":-0.9979181289672852},"size":1.3854219913482667,"orthographic":false}