{"cameraMode":{"drawMode":0,"name":"Shaded","section":"Shading Mode"},"sceneLighting":false,"audioPlay":false,"sceneViewState":{"m_AlwaysRefresh":false,"showFog":true,"showSkybox":false,"showFlares":true,"showImageEffects":true,"showParticleSystems":true,"showVisualEffectGraphs":true,"m_FxEnabled":true},"in2DMode":false,"pivot":{"x":-0.00005999952554702759,"y":-0.004749998450279236,"z":0.5905001163482666},"rotation":{"x":0.23823019862174989,"y":0.19564944505691529,"z":0.04905692860484123,"w":-0.9500448107719421},"size":0.13952898979187013,"orthographic":false}