{"cameraMode":{"drawMode":0,"name":"Shaded","section":"Shading Mode"},"sceneLighting":true,"audioPlay":false,"sceneViewState":{"showFog":true,"showMaterialUpdate":false,"showSkybox":true,"showFlares":true,"showImageEffects":true,"showParticleSystems":true},"in2DMode":false,"pivot":{"x":0.6151580810546875,"y":-0.44847649335861208,"z":-0.8555079698562622},"rotation":{"x":-0.13396616280078889,"y":0.11625423282384873,"z":-0.015827421098947526,"w":-0.984021008014679},"size":0.9402520060539246,"orthographic":false}